{
  "/blurLevel": {
    "min": 1,
    "max": 105,
    "value": 82.93939971923828
  },
  "/minSize": {
    "min": 30,
    "max": 100,
    "value": 100
  },
  "/padR_min": {
    "min": 0,
    "max": 255,
    "value": 23.18181800842285
  },
  "/maxDefects": {
    "min": 1,
    "max": 25,
    "value": 1
  },
  "/gain": {
    "min": 0.009999999776482582,
    "max": 4,
    "value": 3.5163636207580566
  },
  "/ballPosition": {
    "minY": 0,
    "minX": 0,
    "maxY": 100,
    "maxX": 100,
    "arrayValue": [
      71.27659606933594,
      6.382978916168213
    ]
  },
  "/padL_min": {
    "min": 0,
    "max": 255,
    "value": 51.51515197753906
  },
  "/diffMaxValue": {
    "min": 0,
    "max": 1,
    "value": 1
  },
  "/maxSize": {
    "min": 50,
    "max": 200,
    "value": 171.21212768554688
  },
  "/cvth": {
    "min": 1,
    "max": 100,
    "value": 41
  },
  "/calibrate": {"value": 0},
  "/padR_max": {
    "min": 0,
    "max": 255,
    "value": 154.5454559326172
  },
  "/maxAverage": {
    "min": 10,
    "max": 250,
    "value": 10
  },
  "/maxSegments": {
    "min": 4,
    "max": 35,
    "value": 4
  },
  "/maxArea": {
    "min": 2000,
    "max": 6000,
    "value": 2000
  },
  "/diffMinValue": {
    "min": 0,
    "max": 1,
    "value": 0.2454545497894287
  },
  "/padL_max": {
    "min": 0,
    "max": 255,
    "value": 218.93939208984375
  }
}